clinic_id,name,city,procedure_id,price,url,phone,last_updated
london_eye_hospital_london_cataract,London Eye Hospital,London,cataract,1500,https://www.londoneyehospital.co.uk,+44 20 1234 5678,2025-11-07
vision_care_london_london_cataract,Vision Care London,London,cataract,1200,https://www.visioncarelondon.co.uk,020 2345 6789,2025-11-07
premier_eye_clinic_london_cataract,Premier Eye Clinic,London,cataract,1800,,,2025-11-07
clarity_eye_centre_london_cataract,Clarity Eye Centre,London,cataract,1600,https://www.clarityeyecentre.co.uk,+44 20 3456 7890,2025-11-07
focus_eye_hospital_london_cataract,Focus Eye Hospital,London,cataract,1400,,020 4567 8901,2025-11-07
manchester_eye_hospital_manchester_cataract,Manchester Eye Hospital,Manchester,cataract,1500,https://www.manchestereyehospital.co.uk,+44 161 123 4567,2025-11-07
vision_care_manchester_manchester_cataract,Vision Care Manchester,Manchester,cataract,1200,https://www.visioncaremanchester.co.uk,020 1234 5678,2025-11-07
optical_health_clinic_manchester_cataract,Optical Health Clinic,Manchester,cataract,1800,,,2025-11-07
clear_sight_clinic_manchester_cataract,Clear Sight Clinic,Manchester,cataract,1600,https://www.clearsightclinic.co.uk,+44 161 234 5678,2025-11-07
focus_eye_center_manchester_cataract,Focus Eye Center,Manchester,cataract,1400,,+44 161 345 6789,2025-11-07
birmingham_eye_hospital_birmingham_cataract,Birmingham Eye Hospital,Birmingham,cataract,1500,https://www.birminghameyehospital.co.uk,0121 123 4567,2025-11-07
optimal_vision_birmingham_birmingham_cataract,Optimal Vision Birmingham,Birmingham,cataract,1200,https://www.optimalvision.co.uk,0121 234 5678,2025-11-07
birmingham_cataract_centre_birmingham_cataract,Birmingham Cataract Centre,Birmingham,cataract,1300,,,2025-11-07
clear_vision_clinic_birmingham_cataract,Clear Vision Clinic,Birmingham,cataract,1400,https://www.clearvisionclinic.co.uk,0121 345 6789,2025-11-07
focus_eye_care_birmingham_cataract,Focus Eye Care,Birmingham,cataract,1600,,,2025-11-07
leeds_eye_hospital_leeds_cataract,Leeds Eye Hospital,Leeds,cataract,1500,https://www.leedseyecare.co.uk,0113 123 4567,2025-11-07
optimal_vision_leeds_leeds_cataract,Optimal Vision Leeds,Leeds,cataract,1200,https://www.optimalvision.co.uk,0113 234 5678,2025-11-07
moorfields_private_eye_hospital_leeds_cataract,Moorfields Private Eye Hospital,Leeds,cataract,1300,https://www.moorfieldsprivate.com,,2025-11-07
clear_vision_clinic_leeds_cataract,Clear Vision Clinic,Leeds,cataract,1400,,,2025-11-07
vision_care_leeds_leeds_cataract,Vision Care Leeds,Leeds,cataract,1600,https://www.visioncareleeds.co.uk,0113 345 6789,2025-11-07
bristol_eye_hospital_bristol_cataract,Bristol Eye Hospital,Bristol,cataract,1500,https://www.bristoleyehospital.co.uk,0117 123 4567,2025-11-07
optimal_vision_bristol_bristol_cataract,Optimal Vision Bristol,Bristol,cataract,1200,https://www.optimalvision.co.uk,0117 234 5678,2025-11-07
bristol_cataract_centre_bristol_cataract,Bristol Cataract Centre,Bristol,cataract,1300,,,2025-11-07
clear_vision_clinic_bristol_cataract,Clear Vision Clinic,Bristol,cataract,1400,https://www.clearvisionclinic.co.uk,0117 345 6789,2025-11-07
focus_eye_care_bristol_cataract,Focus Eye Care,Bristol,cataract,1600,,,2025-11-07
london_hip_clinic_london_hip,London Hip Clinic,London,hip,15000,https://www.londonhipclinic.co.uk,+44 20 1234 5678,2025-11-07
reputable_hip_surgery_centre_london_hip,Reputable Hip Surgery Centre,London,hip,12000,https://www.reputablehipcentre.co.uk,020 2345 6789,2025-11-07
premier_orthopaedics_london_hip,Premier Orthopaedics,London,hip,13000,,,2025-11-07
elite_hip_surgery_london_hip,Elite Hip Surgery,London,hip,14000,https://www.elitehipsurgery.co.uk,+44 20 3456 7890,2025-11-07
affordable_hip_solutions_london_hip,Affordable Hip Solutions,London,hip,11000,,+44 20 4567 8901,2025-11-07
manchester_hip_clinic_manchester_hip,Manchester Hip Clinic,Manchester,hip,12000,https://www.manchesterhipclinic.co.uk,+44 161 123 4567,2025-11-07
orthopedic_specialists_manchester_manchester_hip,Orthopedic Specialists Manchester,Manchester,hip,11500,https://www.orthopedicspecialistsmanchester.co.uk,020 1234 5678,2025-11-07
joint_care_hospital_manchester_hip,Joint Care Hospital,Manchester,hip,13000,,,2025-11-07
premier_hip_replacement_clinic_manchester_hip,Premier Hip Replacement Clinic,Manchester,hip,11000,https://www.premierhipreplacementclinic.co.uk,+44 161 765 4321,2025-11-07
arthroplasty_experts_manchester_manchester_hip,Arthroplasty Experts Manchester,Manchester,hip,12500,,,2025-11-07
birmingham_hip_clinic_birmingham_hip,Birmingham Hip Clinic,Birmingham,hip,12000,https://www.birminghamhipclinic.co.uk,+44 121 123 4567,2025-11-07
birmingham_orthopedic_hospital_birmingham_hip,Birmingham Orthopedic Hospital,Birmingham,hip,11500,https://www.birminghamorthopedichospital.co.uk,020 1234 5678,2025-11-07
joint_care_birmingham_birmingham_hip,Joint Care Birmingham,Birmingham,hip,13000,,,2025-11-07
birmingham_private_hospital_birmingham_hip,Birmingham Private Hospital,Birmingham,hip,12500,https://www.birminghamprivatehospital.co.uk,+44 121 987 6543,2025-11-07
birmingham_recovery_clinic_birmingham_hip,Birmingham Recovery Clinic,Birmingham,hip,11000,,+44 121 555 1234,2025-11-07
leeds_private_hospital_leeds_hip,Leeds Private Hospital,Leeds,hip,12000,https://www.leedsprivatehospital.co.uk,+44 113 123 4567,2025-11-07
yorkshire_hip_clinic_leeds_hip,Yorkshire Hip Clinic,Leeds,hip,11500,https://www.yorkshirehipclinic.co.uk,020 1234 5678,2025-11-07
leeds_orthopaedic_centre_leeds_hip,Leeds Orthopaedic Centre,Leeds,hip,13000,https://www.leedsorthopaediccentre.co.uk,,2025-11-07
west_yorkshire_surgical_leeds_hip,West Yorkshire Surgical,Leeds,hip,12500,,+44 113 987 6543,2025-11-07
leeds_hip_surgery_clinic_leeds_hip,Leeds Hip Surgery Clinic,Leeds,hip,11000,https://www.leedshipclinic.co.uk,,2025-11-07
bristol_hip_clinic_bristol_hip,Bristol Hip Clinic,Bristol,hip,12000,https://www.bristolhipclinic.co.uk,0117 123 4567,2025-11-07
bristol_private_hospital_bristol_hip,Bristol Private Hospital,Bristol,hip,11500,https://www.bristolprivatehospital.co.uk,0117 234 5678,2025-11-07
spire_bristol_hospital_bristol_hip,Spire Bristol Hospital,Bristol,hip,13000,https://www.spirehealthcare.com/spire-bristol-hospital/,0117 987 6543,2025-11-07
nuffield_health_bristol_hospital_bristol_hip,Nuffield Health Bristol Hospital,Bristol,hip,12500,https://www.nuffieldhealth.com/hospitals/bristol,0117 456 7890,2025-11-07
the_bristol_clinic_bristol_hip,The Bristol Clinic,Bristol,hip,14000,,,2025-11-07
london_knee_clinic_london_knee,London Knee Clinic,London,knee,12000,https://www.londonkneeclinic.co.uk,+44 20 1234 5678,2025-11-07
knee_surgery_london_london_knee,Knee Surgery London,London,knee,11500,https://www.kneesurgerylondon.co.uk,020 8765 4321,2025-11-07
elite_orthopaedics_london_knee,Elite Orthopaedics,London,knee,13000,https://www.eliteorthopaedics.co.uk,,2025-11-07
london_orthopaedic_clinic_london_knee,London Orthopaedic Clinic,London,knee,11000,https://www.londonorthoclinic.co.uk,+44 20 2345 6789,2025-11-07
knee_replacement_specialists_london_knee,Knee Replacement Specialists,London,knee,12500,,,2025-11-07
manchester_knee_clinic_manchester_knee,Manchester Knee Clinic,Manchester,knee,8000,https://www.manchesterkneeclinic.co.uk,+44 161 123 4567,2025-11-07
private_orthopaedic_hospital_manchester_knee,Private Orthopaedic Hospital,Manchester,knee,7500,https://www.privateorthopaedic.co.uk,020 7654 3210,2025-11-07
elite_orthopaedics_manchester_knee,Elite Orthopaedics,Manchester,knee,9000,,,2025-11-07
manchester_private_hospital_manchester_knee,Manchester Private Hospital,Manchester,knee,8500,https://www.manchesterprivatehospital.co.uk,+44 161 987 6543,2025-11-07
knee_surgery_specialists_manchester_knee,Knee Surgery Specialists,Manchester,knee,7000,,,2025-11-07
birmingham_knee_clinic_birmingham_knee,Birmingham Knee Clinic,Birmingham,knee,8000,https://www.birminghamknees.co.uk,+44 121 123 4567,2025-11-07
optimal_orthopaedics_birmingham_knee,Optimal Orthopaedics,Birmingham,knee,7500,https://www.optimalorthopaedics.co.uk,020 7654 3210,2025-11-07
birmingham_private_hospital_birmingham_knee,Birmingham Private Hospital,Birmingham,knee,9000,,+44 121 987 6543,2025-11-07
knee_surgery_specialists_birmingham_knee,Knee Surgery Specialists,Birmingham,knee,8500,https://www.kneesurgeryspecialists.co.uk,,2025-11-07
advanced_knee_solutions_birmingham_knee,Advanced Knee Solutions,Birmingham,knee,9500,https://www.advancedkneesolutions.co.uk,+44 121 234 5678,2025-11-07
leeds_private_hospital_leeds_knee,Leeds Private Hospital,Leeds,knee,12000,https://www.leedsprivatehospital.co.uk,0113 123 4567,2025-11-07
yorkshire_knee_clinic_leeds_knee,Yorkshire Knee Clinic,Leeds,knee,11500,https://www.yorkshirekneeclinic.co.uk,0113 234 5678,2025-11-07
leeds_orthopaedic_centre_leeds_knee,Leeds Orthopaedic Centre,Leeds,knee,13000,https://www.leedsorthopaediccentre.co.uk,0113 345 6789,2025-11-07
west_yorkshire_hospital_leeds_knee,West Yorkshire Hospital,Leeds,knee,12500,,,2025-11-07
knee_surgery_leeds_leeds_knee,Knee Surgery Leeds,Leeds,knee,11000,https://www.kneesurgeryleeds.co.uk,0113 456 7890,2025-11-07
bristol_knee_clinic_bristol_knee,Bristol Knee Clinic,Bristol,knee,12000,https://www.bristolkneeclinic.co.uk,0117 123 4567,2025-11-07
spire_bristol_hospital_bristol_knee,Spire Bristol Hospital,Bristol,knee,11500,https://www.spirehealthcare.com/spire-bristol-hospital/,0117 980 4040,2025-11-07
nuffield_health_bristol_hospital_bristol_knee,Nuffield Health Bristol Hospital,Bristol,knee,13000,https://www.nuffieldhealth.com/hospitals/bristol,0117 906 1100,2025-11-07
bristol_royal_infirmary_bristol_knee,Bristol Royal Infirmary,Bristol,knee,12500,https://www.uhbristol.nhs.uk/our-services/orthopaedics/,0117 923 0000,2025-11-07
the_bristol_private_hospital_bristol_knee,The Bristol Private Hospital,Bristol,knee,11000,https://www.bristolprivatehospital.co.uk,0117 934 1000,2025-11-07
